path,service,city,status,indexable,wordCount,uniquePercent,hasSourceSection,hasReviewDate,decision,reason
"/services/24-hour-bail-bonds/apopka","24-hour-bail-bonds","apopka",200,false,346,48.7,false,false,"noindex-until-reviewed","below-60-percent-unique;no-authoritative-source-record;no-review-date"
"/services/24-hour-bail-bonds/belleview","24-hour-bail-bonds","belleview",200,false,324,50.4,false,false,"noindex-until-reviewed","below-60-percent-unique;no-authoritative-source-record;no-review-date"
"/services/24-hour-bail-bonds/boca-raton","24-hour-bail-bonds","boca-raton",200,false,360,53.6,false,false,"noindex-until-reviewed","below-60-percent-unique;no-authoritative-source-record;no-review-date"
"/services/24-hour-bail-bonds/bonita-springs","24-hour-bail-bonds","bonita-springs",200,false,377,55.8,false,false,"noindex-until-reviewed","below-60-percent-unique;no-authoritative-source-record;no-review-date"
"/services/24-hour-bail-bonds/bradenton","24-hour-bail-bonds","bradenton",200,false,328,57.1,false,false,"noindex-until-reviewed","below-60-percent-unique;no-authoritative-source-record;no-review-date"
"/services/24-hour-bail-bonds/brandon","24-hour-bail-bonds","brandon",200,false,332,51.1,false,false,"noindex-until-reviewed","below-60-percent-unique;no-authoritative-source-record;no-review-date"
"/services/24-hour-bail-bonds/cape-coral","24-hour-bail-bonds","cape-coral",200,false,371,54.2,false,false,"noindex-until-reviewed","below-60-percent-unique;no-authoritative-source-record;no-review-date"
"/services/24-hour-bail-bonds/clearwater","24-hour-bail-bonds","clearwater",200,false,327,50.3,false,false,"noindex-until-reviewed","below-60-percent-unique;no-authoritative-source-record;no-review-date"
"/services/24-hour-bail-bonds/cocoa","24-hour-bail-bonds","cocoa",200,false,335,58.7,false,false,"noindex-until-reviewed","below-60-percent-unique;no-authoritative-source-record;no-review-date"
"/services/24-hour-bail-bonds/dade-city","24-hour-bail-bonds","dade-city",200,false,352,51.6,false,false,"noindex-until-reviewed","below-60-percent-unique;no-authoritative-source-record;no-review-date"
"/services/24-hour-bail-bonds/fort-lauderdale","24-hour-bail-bonds","fort-lauderdale",200,false,348,49.8,false,false,"noindex-until-reviewed","below-60-percent-unique;no-authoritative-source-record;no-review-date"
"/services/24-hour-bail-bonds/fort-myers","24-hour-bail-bonds","fort-myers",200,false,368,54.2,false,false,"noindex-until-reviewed","below-60-percent-unique;no-authoritative-source-record;no-review-date"
"/services/24-hour-bail-bonds/hialeah","24-hour-bail-bonds","hialeah",200,false,338,48.4,false,false,"noindex-until-reviewed","below-60-percent-unique;no-authoritative-source-record;no-review-date"
"/services/24-hour-bail-bonds/hollywood","24-hour-bail-bonds","hollywood",200,false,333,49.8,false,false,"noindex-until-reviewed","below-60-percent-unique;no-authoritative-source-record;no-review-date"
"/services/24-hour-bail-bonds/jacksonville-beach","24-hour-bail-bonds","jacksonville-beach",200,false,360,58.4,false,false,"noindex-until-reviewed","below-60-percent-unique;no-authoritative-source-record;no-review-date"
"/services/24-hour-bail-bonds/lake-city","24-hour-bail-bonds","lake-city",200,false,350,58,false,false,"noindex-until-reviewed","below-60-percent-unique;no-authoritative-source-record;no-review-date"
"/services/24-hour-bail-bonds/lakeland","24-hour-bail-bonds","lakeland",200,false,333,50.2,false,false,"noindex-until-reviewed","below-60-percent-unique;no-authoritative-source-record;no-review-date"
"/services/24-hour-bail-bonds/miami","24-hour-bail-bonds","miami",200,false,335,45.3,false,false,"noindex-until-reviewed","below-60-percent-unique;no-authoritative-source-record;no-review-date"
"/services/24-hour-bail-bonds/miami-beach","24-hour-bail-bonds","miami-beach",200,false,358,45.3,false,false,"noindex-until-reviewed","below-60-percent-unique;no-authoritative-source-record;no-review-date"
"/services/24-hour-bail-bonds/new-port-richey","24-hour-bail-bonds","new-port-richey",200,false,368,51.6,false,false,"noindex-until-reviewed","below-60-percent-unique;no-authoritative-source-record;no-review-date"
"/services/24-hour-bail-bonds/ocala","24-hour-bail-bonds","ocala",200,false,327,50.4,false,false,"noindex-until-reviewed","below-60-percent-unique;no-authoritative-source-record;no-review-date"
"/services/24-hour-bail-bonds/orlando","24-hour-bail-bonds","orlando",200,false,345,48.7,false,false,"noindex-until-reviewed","below-60-percent-unique;no-authoritative-source-record;no-review-date"
"/services/24-hour-bail-bonds/plant-city","24-hour-bail-bonds","plant-city",200,false,342,50.3,false,false,"noindex-until-reviewed","below-60-percent-unique;no-authoritative-source-record;no-review-date"
"/services/24-hour-bail-bonds/pompano-beach","24-hour-bail-bonds","pompano-beach",200,false,352,51.8,false,false,"noindex-until-reviewed","below-60-percent-unique;no-authoritative-source-record;no-review-date"
"/services/24-hour-bail-bonds/st-petersburg","24-hour-bail-bonds","st-petersburg",200,false,347,50.3,false,false,"noindex-until-reviewed","below-60-percent-unique;no-authoritative-source-record;no-review-date"
"/services/24-hour-bail-bonds/tampa","24-hour-bail-bonds","tampa",200,false,329,50.3,false,false,"noindex-until-reviewed","below-60-percent-unique;no-authoritative-source-record;no-review-date"
"/services/24-hour-bail-bonds/vero-beach","24-hour-bail-bonds","vero-beach",200,false,355,57.6,false,false,"noindex-until-reviewed","below-60-percent-unique;no-authoritative-source-record;no-review-date"
"/services/24-hour-bail-bonds/wesley-chapel","24-hour-bail-bonds","wesley-chapel",200,false,351,51.8,false,false,"noindex-until-reviewed","below-60-percent-unique;no-authoritative-source-record;no-review-date"
"/services/24-hour-bail-bonds/west-palm-beach","24-hour-bail-bonds","west-palm-beach",200,false,373,53.6,false,false,"noindex-until-reviewed","below-60-percent-unique;no-authoritative-source-record;no-review-date"
"/services/24-hour-bail-bonds/winter-haven","24-hour-bail-bonds","winter-haven",200,false,345,50.2,false,false,"noindex-until-reviewed","below-60-percent-unique;no-authoritative-source-record;no-review-date"
"/services/24-hour-bail-bonds/winter-park","24-hour-bail-bonds","winter-park",200,false,360,49.8,false,false,"noindex-until-reviewed","below-60-percent-unique;no-authoritative-source-record;no-review-date"
"/services/24-hour-bail-bonds/yulee","24-hour-bail-bonds","yulee",200,false,347,59.3,false,false,"noindex-until-reviewed","below-60-percent-unique;no-authoritative-source-record;no-review-date"
"/services/domestic-violence-bail/apopka","domestic-violence-bail","apopka",200,false,344,48.7,false,false,"noindex-until-reviewed","below-60-percent-unique;no-authoritative-source-record;no-review-date"
"/services/domestic-violence-bail/belleview","domestic-violence-bail","belleview",200,false,322,50.4,false,false,"noindex-until-reviewed","below-60-percent-unique;no-authoritative-source-record;no-review-date"
"/services/domestic-violence-bail/boca-raton","domestic-violence-bail","boca-raton",200,false,358,53.6,false,false,"noindex-until-reviewed","below-60-percent-unique;no-authoritative-source-record;no-review-date"
"/services/domestic-violence-bail/bonita-springs","domestic-violence-bail","bonita-springs",200,false,375,55.8,false,false,"noindex-until-reviewed","below-60-percent-unique;no-authoritative-source-record;no-review-date"
"/services/domestic-violence-bail/bradenton","domestic-violence-bail","bradenton",200,false,326,57.1,false,false,"noindex-until-reviewed","below-60-percent-unique;no-authoritative-source-record;no-review-date"
"/services/domestic-violence-bail/brandon","domestic-violence-bail","brandon",200,false,330,51.1,false,false,"noindex-until-reviewed","below-60-percent-unique;no-authoritative-source-record;no-review-date"
"/services/domestic-violence-bail/cape-coral","domestic-violence-bail","cape-coral",200,false,369,54.2,false,false,"noindex-until-reviewed","below-60-percent-unique;no-authoritative-source-record;no-review-date"
"/services/domestic-violence-bail/clearwater","domestic-violence-bail","clearwater",200,false,325,50.3,false,false,"noindex-until-reviewed","below-60-percent-unique;no-authoritative-source-record;no-review-date"
"/services/domestic-violence-bail/cocoa","domestic-violence-bail","cocoa",200,false,333,58.7,false,false,"noindex-until-reviewed","below-60-percent-unique;no-authoritative-source-record;no-review-date"
"/services/domestic-violence-bail/dade-city","domestic-violence-bail","dade-city",200,false,350,51.6,false,false,"noindex-until-reviewed","below-60-percent-unique;no-authoritative-source-record;no-review-date"
"/services/domestic-violence-bail/fort-lauderdale","domestic-violence-bail","fort-lauderdale",200,false,346,49.8,false,false,"noindex-until-reviewed","below-60-percent-unique;no-authoritative-source-record;no-review-date"
"/services/domestic-violence-bail/fort-myers","domestic-violence-bail","fort-myers",200,false,366,54.2,false,false,"noindex-until-reviewed","below-60-percent-unique;no-authoritative-source-record;no-review-date"
"/services/domestic-violence-bail/hialeah","domestic-violence-bail","hialeah",200,false,336,48.4,false,false,"noindex-until-reviewed","below-60-percent-unique;no-authoritative-source-record;no-review-date"
"/services/domestic-violence-bail/hollywood","domestic-violence-bail","hollywood",200,false,331,49.8,false,false,"noindex-until-reviewed","below-60-percent-unique;no-authoritative-source-record;no-review-date"
"/services/domestic-violence-bail/jacksonville-beach","domestic-violence-bail","jacksonville-beach",200,false,358,58.4,false,false,"noindex-until-reviewed","below-60-percent-unique;no-authoritative-source-record;no-review-date"
"/services/domestic-violence-bail/lake-city","domestic-violence-bail","lake-city",200,false,348,58,false,false,"noindex-until-reviewed","below-60-percent-unique;no-authoritative-source-record;no-review-date"
"/services/domestic-violence-bail/lakeland","domestic-violence-bail","lakeland",200,false,331,50.2,false,false,"noindex-until-reviewed","below-60-percent-unique;no-authoritative-source-record;no-review-date"
"/services/domestic-violence-bail/miami","domestic-violence-bail","miami",200,false,333,45.3,false,false,"noindex-until-reviewed","below-60-percent-unique;no-authoritative-source-record;no-review-date"
"/services/domestic-violence-bail/miami-beach","domestic-violence-bail","miami-beach",200,false,356,45.3,false,false,"noindex-until-reviewed","below-60-percent-unique;no-authoritative-source-record;no-review-date"
"/services/domestic-violence-bail/new-port-richey","domestic-violence-bail","new-port-richey",200,false,366,51.6,false,false,"noindex-until-reviewed","below-60-percent-unique;no-authoritative-source-record;no-review-date"
"/services/domestic-violence-bail/ocala","domestic-violence-bail","ocala",200,false,325,50.4,false,false,"noindex-until-reviewed","below-60-percent-unique;no-authoritative-source-record;no-review-date"
"/services/domestic-violence-bail/orlando","domestic-violence-bail","orlando",200,false,343,48.7,false,false,"noindex-until-reviewed","below-60-percent-unique;no-authoritative-source-record;no-review-date"
"/services/domestic-violence-bail/plant-city","domestic-violence-bail","plant-city",200,false,340,50.3,false,false,"noindex-until-reviewed","below-60-percent-unique;no-authoritative-source-record;no-review-date"
"/services/domestic-violence-bail/pompano-beach","domestic-violence-bail","pompano-beach",200,false,350,51.8,false,false,"noindex-until-reviewed","below-60-percent-unique;no-authoritative-source-record;no-review-date"
"/services/domestic-violence-bail/st-petersburg","domestic-violence-bail","st-petersburg",200,false,345,50.3,false,false,"noindex-until-reviewed","below-60-percent-unique;no-authoritative-source-record;no-review-date"
"/services/domestic-violence-bail/tampa","domestic-violence-bail","tampa",200,false,327,50.3,false,false,"noindex-until-reviewed","below-60-percent-unique;no-authoritative-source-record;no-review-date"
"/services/domestic-violence-bail/vero-beach","domestic-violence-bail","vero-beach",200,false,353,57.6,false,false,"noindex-until-reviewed","below-60-percent-unique;no-authoritative-source-record;no-review-date"
"/services/domestic-violence-bail/wesley-chapel","domestic-violence-bail","wesley-chapel",200,false,349,51.8,false,false,"noindex-until-reviewed","below-60-percent-unique;no-authoritative-source-record;no-review-date"
"/services/domestic-violence-bail/west-palm-beach","domestic-violence-bail","west-palm-beach",200,false,371,53.6,false,false,"noindex-until-reviewed","below-60-percent-unique;no-authoritative-source-record;no-review-date"
"/services/domestic-violence-bail/winter-haven","domestic-violence-bail","winter-haven",200,false,343,50.2,false,false,"noindex-until-reviewed","below-60-percent-unique;no-authoritative-source-record;no-review-date"
"/services/domestic-violence-bail/winter-park","domestic-violence-bail","winter-park",200,false,358,49.8,false,false,"noindex-until-reviewed","below-60-percent-unique;no-authoritative-source-record;no-review-date"
"/services/domestic-violence-bail/yulee","domestic-violence-bail","yulee",200,false,345,59.3,false,false,"noindex-until-reviewed","below-60-percent-unique;no-authoritative-source-record;no-review-date"
"/services/dui-bail-bonds/apopka","dui-bail-bonds","apopka",200,false,340,49.2,false,false,"noindex-until-reviewed","below-60-percent-unique;no-authoritative-source-record;no-review-date"
"/services/dui-bail-bonds/belleview","dui-bail-bonds","belleview",200,false,318,50.8,false,false,"noindex-until-reviewed","below-60-percent-unique;no-authoritative-source-record;no-review-date"
"/services/dui-bail-bonds/boca-raton","dui-bail-bonds","boca-raton",200,false,354,54.1,false,false,"noindex-until-reviewed","below-60-percent-unique;no-authoritative-source-record;no-review-date"
"/services/dui-bail-bonds/bonita-springs","dui-bail-bonds","bonita-springs",200,false,371,56.2,false,false,"noindex-until-reviewed","below-60-percent-unique;no-authoritative-source-record;no-review-date"
"/services/dui-bail-bonds/bradenton","dui-bail-bonds","bradenton",200,false,322,57.6,false,false,"noindex-until-reviewed","below-60-percent-unique;no-authoritative-source-record;no-review-date"
"/services/dui-bail-bonds/brandon","dui-bail-bonds","brandon",200,false,326,51.6,false,false,"noindex-until-reviewed","below-60-percent-unique;no-authoritative-source-record;no-review-date"
"/services/dui-bail-bonds/cape-coral","dui-bail-bonds","cape-coral",200,false,365,54.7,false,false,"noindex-until-reviewed","below-60-percent-unique;no-authoritative-source-record;no-review-date"
"/services/dui-bail-bonds/clearwater","dui-bail-bonds","clearwater",200,false,321,50.8,false,false,"noindex-until-reviewed","below-60-percent-unique;no-authoritative-source-record;no-review-date"
"/services/dui-bail-bonds/cocoa","dui-bail-bonds","cocoa",200,false,329,59.3,false,false,"noindex-until-reviewed","below-60-percent-unique;no-authoritative-source-record;no-review-date"
"/services/dui-bail-bonds/dade-city","dui-bail-bonds","dade-city",200,false,346,52.1,false,false,"noindex-until-reviewed","below-60-percent-unique;no-authoritative-source-record;no-review-date"
"/services/dui-bail-bonds/fort-lauderdale","dui-bail-bonds","fort-lauderdale",200,false,342,50.2,false,false,"noindex-until-reviewed","below-60-percent-unique;no-authoritative-source-record;no-review-date"
"/services/dui-bail-bonds/fort-myers","dui-bail-bonds","fort-myers",200,false,362,54.7,false,false,"noindex-until-reviewed","below-60-percent-unique;no-authoritative-source-record;no-review-date"
"/services/dui-bail-bonds/hialeah","dui-bail-bonds","hialeah",200,false,332,48.8,false,false,"noindex-until-reviewed","below-60-percent-unique;no-authoritative-source-record;no-review-date"
"/services/dui-bail-bonds/hollywood","dui-bail-bonds","hollywood",200,false,327,50.2,false,false,"noindex-until-reviewed","below-60-percent-unique;no-authoritative-source-record;no-review-date"
"/services/dui-bail-bonds/jacksonville-beach","dui-bail-bonds","jacksonville-beach",200,false,354,58.9,false,false,"noindex-until-reviewed","below-60-percent-unique;no-authoritative-source-record;no-review-date"
"/services/dui-bail-bonds/lake-city","dui-bail-bonds","lake-city",200,false,344,58.5,false,false,"noindex-until-reviewed","below-60-percent-unique;no-authoritative-source-record;no-review-date"
"/services/dui-bail-bonds/lakeland","dui-bail-bonds","lakeland",200,false,327,50.7,false,false,"noindex-until-reviewed","below-60-percent-unique;no-authoritative-source-record;no-review-date"
"/services/dui-bail-bonds/miami","dui-bail-bonds","miami",200,false,329,45.7,false,false,"noindex-until-reviewed","below-60-percent-unique;no-authoritative-source-record;no-review-date"
"/services/dui-bail-bonds/miami-beach","dui-bail-bonds","miami-beach",200,false,352,45.7,false,false,"noindex-until-reviewed","below-60-percent-unique;no-authoritative-source-record;no-review-date"
"/services/dui-bail-bonds/new-port-richey","dui-bail-bonds","new-port-richey",200,false,362,52.1,false,false,"noindex-until-reviewed","below-60-percent-unique;no-authoritative-source-record;no-review-date"
"/services/dui-bail-bonds/ocala","dui-bail-bonds","ocala",200,false,321,50.8,false,false,"noindex-until-reviewed","below-60-percent-unique;no-authoritative-source-record;no-review-date"
"/services/dui-bail-bonds/orlando","dui-bail-bonds","orlando",200,false,339,49.2,false,false,"noindex-until-reviewed","below-60-percent-unique;no-authoritative-source-record;no-review-date"
"/services/dui-bail-bonds/plant-city","dui-bail-bonds","plant-city",200,false,336,50.8,false,false,"noindex-until-reviewed","below-60-percent-unique;no-authoritative-source-record;no-review-date"
"/services/dui-bail-bonds/pompano-beach","dui-bail-bonds","pompano-beach",200,false,346,52.2,false,false,"noindex-until-reviewed","below-60-percent-unique;no-authoritative-source-record;no-review-date"
"/services/dui-bail-bonds/st-petersburg","dui-bail-bonds","st-petersburg",200,false,341,50.8,false,false,"noindex-until-reviewed","below-60-percent-unique;no-authoritative-source-record;no-review-date"
"/services/dui-bail-bonds/tampa","dui-bail-bonds","tampa",200,false,323,50.8,false,false,"noindex-until-reviewed","below-60-percent-unique;no-authoritative-source-record;no-review-date"
"/services/dui-bail-bonds/vero-beach","dui-bail-bonds","vero-beach",200,false,349,58.1,false,false,"noindex-until-reviewed","below-60-percent-unique;no-authoritative-source-record;no-review-date"
"/services/dui-bail-bonds/wesley-chapel","dui-bail-bonds","wesley-chapel",200,false,345,52.2,false,false,"noindex-until-reviewed","below-60-percent-unique;no-authoritative-source-record;no-review-date"
"/services/dui-bail-bonds/west-palm-beach","dui-bail-bonds","west-palm-beach",200,false,367,54.1,false,false,"noindex-until-reviewed","below-60-percent-unique;no-authoritative-source-record;no-review-date"
"/services/dui-bail-bonds/winter-haven","dui-bail-bonds","winter-haven",200,false,339,50.7,false,false,"noindex-until-reviewed","below-60-percent-unique;no-authoritative-source-record;no-review-date"
"/services/dui-bail-bonds/winter-park","dui-bail-bonds","winter-park",200,false,354,50.2,false,false,"noindex-until-reviewed","below-60-percent-unique;no-authoritative-source-record;no-review-date"
"/services/dui-bail-bonds/yulee","dui-bail-bonds","yulee",200,false,341,59.8,false,false,"noindex-until-reviewed","below-60-percent-unique;no-authoritative-source-record;no-review-date"
"/services/immigration-bail-bonds/apopka","immigration-bail-bonds","apopka",200,false,344,48.7,false,false,"noindex-until-reviewed","below-60-percent-unique;no-authoritative-source-record;no-review-date"
"/services/immigration-bail-bonds/belleview","immigration-bail-bonds","belleview",200,false,322,50.4,false,false,"noindex-until-reviewed","below-60-percent-unique;no-authoritative-source-record;no-review-date"
"/services/immigration-bail-bonds/boca-raton","immigration-bail-bonds","boca-raton",200,false,358,53.6,false,false,"noindex-until-reviewed","below-60-percent-unique;no-authoritative-source-record;no-review-date"
"/services/immigration-bail-bonds/bonita-springs","immigration-bail-bonds","bonita-springs",200,false,375,55.8,false,false,"noindex-until-reviewed","below-60-percent-unique;no-authoritative-source-record;no-review-date"
"/services/immigration-bail-bonds/bradenton","immigration-bail-bonds","bradenton",200,false,326,57.1,false,false,"noindex-until-reviewed","below-60-percent-unique;no-authoritative-source-record;no-review-date"
"/services/immigration-bail-bonds/brandon","immigration-bail-bonds","brandon",200,false,330,51.1,false,false,"noindex-until-reviewed","below-60-percent-unique;no-authoritative-source-record;no-review-date"
"/services/immigration-bail-bonds/cape-coral","immigration-bail-bonds","cape-coral",200,false,369,54.2,false,false,"noindex-until-reviewed","below-60-percent-unique;no-authoritative-source-record;no-review-date"
"/services/immigration-bail-bonds/clearwater","immigration-bail-bonds","clearwater",200,false,325,50.3,false,false,"noindex-until-reviewed","below-60-percent-unique;no-authoritative-source-record;no-review-date"
"/services/immigration-bail-bonds/cocoa","immigration-bail-bonds","cocoa",200,false,333,58.7,false,false,"noindex-until-reviewed","below-60-percent-unique;no-authoritative-source-record;no-review-date"
"/services/immigration-bail-bonds/dade-city","immigration-bail-bonds","dade-city",200,false,350,51.6,false,false,"noindex-until-reviewed","below-60-percent-unique;no-authoritative-source-record;no-review-date"
"/services/immigration-bail-bonds/fort-lauderdale","immigration-bail-bonds","fort-lauderdale",200,false,346,49.8,false,false,"noindex-until-reviewed","below-60-percent-unique;no-authoritative-source-record;no-review-date"
"/services/immigration-bail-bonds/fort-myers","immigration-bail-bonds","fort-myers",200,false,366,54.2,false,false,"noindex-until-reviewed","below-60-percent-unique;no-authoritative-source-record;no-review-date"
"/services/immigration-bail-bonds/hialeah","immigration-bail-bonds","hialeah",200,false,336,48.4,false,false,"noindex-until-reviewed","below-60-percent-unique;no-authoritative-source-record;no-review-date"
"/services/immigration-bail-bonds/hollywood","immigration-bail-bonds","hollywood",200,false,331,49.8,false,false,"noindex-until-reviewed","below-60-percent-unique;no-authoritative-source-record;no-review-date"
"/services/immigration-bail-bonds/jacksonville-beach","immigration-bail-bonds","jacksonville-beach",200,false,358,58.4,false,false,"noindex-until-reviewed","below-60-percent-unique;no-authoritative-source-record;no-review-date"
"/services/immigration-bail-bonds/lake-city","immigration-bail-bonds","lake-city",200,false,348,58,false,false,"noindex-until-reviewed","below-60-percent-unique;no-authoritative-source-record;no-review-date"
"/services/immigration-bail-bonds/lakeland","immigration-bail-bonds","lakeland",200,false,331,50.2,false,false,"noindex-until-reviewed","below-60-percent-unique;no-authoritative-source-record;no-review-date"
"/services/immigration-bail-bonds/miami","immigration-bail-bonds","miami",200,false,333,45.3,false,false,"noindex-until-reviewed","below-60-percent-unique;no-authoritative-source-record;no-review-date"
"/services/immigration-bail-bonds/miami-beach","immigration-bail-bonds","miami-beach",200,false,356,45.3,false,false,"noindex-until-reviewed","below-60-percent-unique;no-authoritative-source-record;no-review-date"
"/services/immigration-bail-bonds/new-port-richey","immigration-bail-bonds","new-port-richey",200,false,366,51.6,false,false,"noindex-until-reviewed","below-60-percent-unique;no-authoritative-source-record;no-review-date"
"/services/immigration-bail-bonds/ocala","immigration-bail-bonds","ocala",200,false,325,50.4,false,false,"noindex-until-reviewed","below-60-percent-unique;no-authoritative-source-record;no-review-date"
"/services/immigration-bail-bonds/orlando","immigration-bail-bonds","orlando",200,false,343,48.7,false,false,"noindex-until-reviewed","below-60-percent-unique;no-authoritative-source-record;no-review-date"
"/services/immigration-bail-bonds/plant-city","immigration-bail-bonds","plant-city",200,false,340,50.3,false,false,"noindex-until-reviewed","below-60-percent-unique;no-authoritative-source-record;no-review-date"
"/services/immigration-bail-bonds/pompano-beach","immigration-bail-bonds","pompano-beach",200,false,350,51.8,false,false,"noindex-until-reviewed","below-60-percent-unique;no-authoritative-source-record;no-review-date"
"/services/immigration-bail-bonds/st-petersburg","immigration-bail-bonds","st-petersburg",200,false,345,50.3,false,false,"noindex-until-reviewed","below-60-percent-unique;no-authoritative-source-record;no-review-date"
"/services/immigration-bail-bonds/tampa","immigration-bail-bonds","tampa",200,false,327,50.3,false,false,"noindex-until-reviewed","below-60-percent-unique;no-authoritative-source-record;no-review-date"
"/services/immigration-bail-bonds/vero-beach","immigration-bail-bonds","vero-beach",200,false,353,57.6,false,false,"noindex-until-reviewed","below-60-percent-unique;no-authoritative-source-record;no-review-date"
"/services/immigration-bail-bonds/wesley-chapel","immigration-bail-bonds","wesley-chapel",200,false,349,51.8,false,false,"noindex-until-reviewed","below-60-percent-unique;no-authoritative-source-record;no-review-date"
"/services/immigration-bail-bonds/west-palm-beach","immigration-bail-bonds","west-palm-beach",200,false,371,53.6,false,false,"noindex-until-reviewed","below-60-percent-unique;no-authoritative-source-record;no-review-date"
"/services/immigration-bail-bonds/winter-haven","immigration-bail-bonds","winter-haven",200,false,343,50.2,false,false,"noindex-until-reviewed","below-60-percent-unique;no-authoritative-source-record;no-review-date"
"/services/immigration-bail-bonds/winter-park","immigration-bail-bonds","winter-park",200,false,358,49.8,false,false,"noindex-until-reviewed","below-60-percent-unique;no-authoritative-source-record;no-review-date"
"/services/immigration-bail-bonds/yulee","immigration-bail-bonds","yulee",200,false,345,59.3,false,false,"noindex-until-reviewed","below-60-percent-unique;no-authoritative-source-record;no-review-date"
"/services/nebbia-hold-bail/apopka","nebbia-hold-bail","apopka",200,false,344,48.7,false,false,"noindex-until-reviewed","below-60-percent-unique;no-authoritative-source-record;no-review-date"
"/services/nebbia-hold-bail/belleview","nebbia-hold-bail","belleview",200,false,322,50.4,false,false,"noindex-until-reviewed","below-60-percent-unique;no-authoritative-source-record;no-review-date"
"/services/nebbia-hold-bail/boca-raton","nebbia-hold-bail","boca-raton",200,false,358,53.6,false,false,"noindex-until-reviewed","below-60-percent-unique;no-authoritative-source-record;no-review-date"
"/services/nebbia-hold-bail/bonita-springs","nebbia-hold-bail","bonita-springs",200,false,375,55.8,false,false,"noindex-until-reviewed","below-60-percent-unique;no-authoritative-source-record;no-review-date"
"/services/nebbia-hold-bail/bradenton","nebbia-hold-bail","bradenton",200,false,326,57.1,false,false,"noindex-until-reviewed","below-60-percent-unique;no-authoritative-source-record;no-review-date"
"/services/nebbia-hold-bail/brandon","nebbia-hold-bail","brandon",200,false,330,51.1,false,false,"noindex-until-reviewed","below-60-percent-unique;no-authoritative-source-record;no-review-date"
"/services/nebbia-hold-bail/cape-coral","nebbia-hold-bail","cape-coral",200,false,369,54.2,false,false,"noindex-until-reviewed","below-60-percent-unique;no-authoritative-source-record;no-review-date"
"/services/nebbia-hold-bail/clearwater","nebbia-hold-bail","clearwater",200,false,325,50.3,false,false,"noindex-until-reviewed","below-60-percent-unique;no-authoritative-source-record;no-review-date"
"/services/nebbia-hold-bail/cocoa","nebbia-hold-bail","cocoa",200,false,333,58.7,false,false,"noindex-until-reviewed","below-60-percent-unique;no-authoritative-source-record;no-review-date"
"/services/nebbia-hold-bail/dade-city","nebbia-hold-bail","dade-city",200,false,350,51.6,false,false,"noindex-until-reviewed","below-60-percent-unique;no-authoritative-source-record;no-review-date"
"/services/nebbia-hold-bail/fort-lauderdale","nebbia-hold-bail","fort-lauderdale",200,false,346,49.8,false,false,"noindex-until-reviewed","below-60-percent-unique;no-authoritative-source-record;no-review-date"
"/services/nebbia-hold-bail/fort-myers","nebbia-hold-bail","fort-myers",200,false,366,54.2,false,false,"noindex-until-reviewed","below-60-percent-unique;no-authoritative-source-record;no-review-date"
"/services/nebbia-hold-bail/hialeah","nebbia-hold-bail","hialeah",200,false,336,48.4,false,false,"noindex-until-reviewed","below-60-percent-unique;no-authoritative-source-record;no-review-date"
"/services/nebbia-hold-bail/hollywood","nebbia-hold-bail","hollywood",200,false,331,49.8,false,false,"noindex-until-reviewed","below-60-percent-unique;no-authoritative-source-record;no-review-date"
"/services/nebbia-hold-bail/jacksonville-beach","nebbia-hold-bail","jacksonville-beach",200,false,358,58.4,false,false,"noindex-until-reviewed","below-60-percent-unique;no-authoritative-source-record;no-review-date"
"/services/nebbia-hold-bail/lake-city","nebbia-hold-bail","lake-city",200,false,348,58,false,false,"noindex-until-reviewed","below-60-percent-unique;no-authoritative-source-record;no-review-date"
"/services/nebbia-hold-bail/lakeland","nebbia-hold-bail","lakeland",200,false,331,50.2,false,false,"noindex-until-reviewed","below-60-percent-unique;no-authoritative-source-record;no-review-date"
"/services/nebbia-hold-bail/miami","nebbia-hold-bail","miami",200,false,333,45.3,false,false,"noindex-until-reviewed","below-60-percent-unique;no-authoritative-source-record;no-review-date"
"/services/nebbia-hold-bail/miami-beach","nebbia-hold-bail","miami-beach",200,false,356,45.3,false,false,"noindex-until-reviewed","below-60-percent-unique;no-authoritative-source-record;no-review-date"
"/services/nebbia-hold-bail/new-port-richey","nebbia-hold-bail","new-port-richey",200,false,366,51.6,false,false,"noindex-until-reviewed","below-60-percent-unique;no-authoritative-source-record;no-review-date"
"/services/nebbia-hold-bail/ocala","nebbia-hold-bail","ocala",200,false,325,50.4,false,false,"noindex-until-reviewed","below-60-percent-unique;no-authoritative-source-record;no-review-date"
"/services/nebbia-hold-bail/orlando","nebbia-hold-bail","orlando",200,false,343,48.7,false,false,"noindex-until-reviewed","below-60-percent-unique;no-authoritative-source-record;no-review-date"
"/services/nebbia-hold-bail/plant-city","nebbia-hold-bail","plant-city",200,false,340,50.3,false,false,"noindex-until-reviewed","below-60-percent-unique;no-authoritative-source-record;no-review-date"
"/services/nebbia-hold-bail/pompano-beach","nebbia-hold-bail","pompano-beach",200,false,350,51.8,false,false,"noindex-until-reviewed","below-60-percent-unique;no-authoritative-source-record;no-review-date"
"/services/nebbia-hold-bail/st-petersburg","nebbia-hold-bail","st-petersburg",200,false,345,50.3,false,false,"noindex-until-reviewed","below-60-percent-unique;no-authoritative-source-record;no-review-date"
"/services/nebbia-hold-bail/tampa","nebbia-hold-bail","tampa",200,false,327,50.3,false,false,"noindex-until-reviewed","below-60-percent-unique;no-authoritative-source-record;no-review-date"
"/services/nebbia-hold-bail/vero-beach","nebbia-hold-bail","vero-beach",200,false,353,57.6,false,false,"noindex-until-reviewed","below-60-percent-unique;no-authoritative-source-record;no-review-date"
"/services/nebbia-hold-bail/wesley-chapel","nebbia-hold-bail","wesley-chapel",200,false,349,51.8,false,false,"noindex-until-reviewed","below-60-percent-unique;no-authoritative-source-record;no-review-date"
"/services/nebbia-hold-bail/west-palm-beach","nebbia-hold-bail","west-palm-beach",200,false,371,53.6,false,false,"noindex-until-reviewed","below-60-percent-unique;no-authoritative-source-record;no-review-date"
"/services/nebbia-hold-bail/winter-haven","nebbia-hold-bail","winter-haven",200,false,343,50.2,false,false,"noindex-until-reviewed","below-60-percent-unique;no-authoritative-source-record;no-review-date"
"/services/nebbia-hold-bail/winter-park","nebbia-hold-bail","winter-park",200,false,358,49.8,false,false,"noindex-until-reviewed","below-60-percent-unique;no-authoritative-source-record;no-review-date"
"/services/nebbia-hold-bail/yulee","nebbia-hold-bail","yulee",200,false,345,59.3,false,false,"noindex-until-reviewed","below-60-percent-unique;no-authoritative-source-record;no-review-date"
"/services/no-collateral-bail-bonds/apopka","no-collateral-bail-bonds","apopka",200,false,343,48.9,false,false,"noindex-until-reviewed","below-60-percent-unique;no-authoritative-source-record;no-review-date"
"/services/no-collateral-bail-bonds/belleview","no-collateral-bail-bonds","belleview",200,false,321,50.5,false,false,"noindex-until-reviewed","below-60-percent-unique;no-authoritative-source-record;no-review-date"
"/services/no-collateral-bail-bonds/boca-raton","no-collateral-bail-bonds","boca-raton",200,false,357,53.8,false,false,"noindex-until-reviewed","below-60-percent-unique;no-authoritative-source-record;no-review-date"
"/services/no-collateral-bail-bonds/bonita-springs","no-collateral-bail-bonds","bonita-springs",200,false,374,55.9,false,false,"noindex-until-reviewed","below-60-percent-unique;no-authoritative-source-record;no-review-date"
"/services/no-collateral-bail-bonds/bradenton","no-collateral-bail-bonds","bradenton",200,false,325,57.2,false,false,"noindex-until-reviewed","below-60-percent-unique;no-authoritative-source-record;no-review-date"
"/services/no-collateral-bail-bonds/brandon","no-collateral-bail-bonds","brandon",200,false,329,51.3,false,false,"noindex-until-reviewed","below-60-percent-unique;no-authoritative-source-record;no-review-date"
"/services/no-collateral-bail-bonds/cape-coral","no-collateral-bail-bonds","cape-coral",200,false,368,54.3,false,false,"noindex-until-reviewed","below-60-percent-unique;no-authoritative-source-record;no-review-date"
"/services/no-collateral-bail-bonds/clearwater","no-collateral-bail-bonds","clearwater",200,false,324,50.5,false,false,"noindex-until-reviewed","below-60-percent-unique;no-authoritative-source-record;no-review-date"
"/services/no-collateral-bail-bonds/cocoa","no-collateral-bail-bonds","cocoa",200,false,332,58.9,false,false,"noindex-until-reviewed","below-60-percent-unique;no-authoritative-source-record;no-review-date"
"/services/no-collateral-bail-bonds/dade-city","no-collateral-bail-bonds","dade-city",200,false,349,51.7,false,false,"noindex-until-reviewed","below-60-percent-unique;no-authoritative-source-record;no-review-date"
"/services/no-collateral-bail-bonds/fort-lauderdale","no-collateral-bail-bonds","fort-lauderdale",200,false,345,49.9,false,false,"noindex-until-reviewed","below-60-percent-unique;no-authoritative-source-record;no-review-date"
"/services/no-collateral-bail-bonds/fort-myers","no-collateral-bail-bonds","fort-myers",200,false,365,54.3,false,false,"noindex-until-reviewed","below-60-percent-unique;no-authoritative-source-record;no-review-date"
"/services/no-collateral-bail-bonds/hialeah","no-collateral-bail-bonds","hialeah",200,false,335,48.5,false,false,"noindex-until-reviewed","below-60-percent-unique;no-authoritative-source-record;no-review-date"
"/services/no-collateral-bail-bonds/hollywood","no-collateral-bail-bonds","hollywood",200,false,330,49.9,false,false,"noindex-until-reviewed","below-60-percent-unique;no-authoritative-source-record;no-review-date"
"/services/no-collateral-bail-bonds/jacksonville-beach","no-collateral-bail-bonds","jacksonville-beach",200,false,357,58.5,false,false,"noindex-until-reviewed","below-60-percent-unique;no-authoritative-source-record;no-review-date"
"/services/no-collateral-bail-bonds/lake-city","no-collateral-bail-bonds","lake-city",200,false,347,58.1,false,false,"noindex-until-reviewed","below-60-percent-unique;no-authoritative-source-record;no-review-date"
"/services/no-collateral-bail-bonds/lakeland","no-collateral-bail-bonds","lakeland",200,false,330,50.3,false,false,"noindex-until-reviewed","below-60-percent-unique;no-authoritative-source-record;no-review-date"
"/services/no-collateral-bail-bonds/miami","no-collateral-bail-bonds","miami",200,false,332,45.4,false,false,"noindex-until-reviewed","below-60-percent-unique;no-authoritative-source-record;no-review-date"
"/services/no-collateral-bail-bonds/miami-beach","no-collateral-bail-bonds","miami-beach",200,false,355,45.4,false,false,"noindex-until-reviewed","below-60-percent-unique;no-authoritative-source-record;no-review-date"
"/services/no-collateral-bail-bonds/new-port-richey","no-collateral-bail-bonds","new-port-richey",200,false,365,51.7,false,false,"noindex-until-reviewed","below-60-percent-unique;no-authoritative-source-record;no-review-date"
"/services/no-collateral-bail-bonds/ocala","no-collateral-bail-bonds","ocala",200,false,324,50.5,false,false,"noindex-until-reviewed","below-60-percent-unique;no-authoritative-source-record;no-review-date"
"/services/no-collateral-bail-bonds/orlando","no-collateral-bail-bonds","orlando",200,false,342,48.9,false,false,"noindex-until-reviewed","below-60-percent-unique;no-authoritative-source-record;no-review-date"
"/services/no-collateral-bail-bonds/plant-city","no-collateral-bail-bonds","plant-city",200,false,339,50.5,false,false,"noindex-until-reviewed","below-60-percent-unique;no-authoritative-source-record;no-review-date"
"/services/no-collateral-bail-bonds/pompano-beach","no-collateral-bail-bonds","pompano-beach",200,false,349,51.9,false,false,"noindex-until-reviewed","below-60-percent-unique;no-authoritative-source-record;no-review-date"
"/services/no-collateral-bail-bonds/st-petersburg","no-collateral-bail-bonds","st-petersburg",200,false,344,50.5,false,false,"noindex-until-reviewed","below-60-percent-unique;no-authoritative-source-record;no-review-date"
"/services/no-collateral-bail-bonds/tampa","no-collateral-bail-bonds","tampa",200,false,326,50.5,false,false,"noindex-until-reviewed","below-60-percent-unique;no-authoritative-source-record;no-review-date"
"/services/no-collateral-bail-bonds/vero-beach","no-collateral-bail-bonds","vero-beach",200,false,352,57.7,false,false,"noindex-until-reviewed","below-60-percent-unique;no-authoritative-source-record;no-review-date"
"/services/no-collateral-bail-bonds/wesley-chapel","no-collateral-bail-bonds","wesley-chapel",200,false,348,51.9,false,false,"noindex-until-reviewed","below-60-percent-unique;no-authoritative-source-record;no-review-date"
"/services/no-collateral-bail-bonds/west-palm-beach","no-collateral-bail-bonds","west-palm-beach",200,false,370,53.8,false,false,"noindex-until-reviewed","below-60-percent-unique;no-authoritative-source-record;no-review-date"
"/services/no-collateral-bail-bonds/winter-haven","no-collateral-bail-bonds","winter-haven",200,false,342,50.3,false,false,"noindex-until-reviewed","below-60-percent-unique;no-authoritative-source-record;no-review-date"
"/services/no-collateral-bail-bonds/winter-park","no-collateral-bail-bonds","winter-park",200,false,357,49.9,false,false,"noindex-until-reviewed","below-60-percent-unique;no-authoritative-source-record;no-review-date"
"/services/no-collateral-bail-bonds/yulee","no-collateral-bail-bonds","yulee",200,false,344,59.4,false,false,"noindex-until-reviewed","below-60-percent-unique;no-authoritative-source-record;no-review-date"
"/services/online-bail-bonds/apopka","online-bail-bonds","apopka",200,false,340,49.2,false,false,"noindex-until-reviewed","below-60-percent-unique;no-authoritative-source-record;no-review-date"
"/services/online-bail-bonds/belleview","online-bail-bonds","belleview",200,false,318,50.8,false,false,"noindex-until-reviewed","below-60-percent-unique;no-authoritative-source-record;no-review-date"
"/services/online-bail-bonds/boca-raton","online-bail-bonds","boca-raton",200,false,354,54.1,false,false,"noindex-until-reviewed","below-60-percent-unique;no-authoritative-source-record;no-review-date"
"/services/online-bail-bonds/bonita-springs","online-bail-bonds","bonita-springs",200,false,371,56.2,false,false,"noindex-until-reviewed","below-60-percent-unique;no-authoritative-source-record;no-review-date"
"/services/online-bail-bonds/bradenton","online-bail-bonds","bradenton",200,false,322,57.6,false,false,"noindex-until-reviewed","below-60-percent-unique;no-authoritative-source-record;no-review-date"
"/services/online-bail-bonds/brandon","online-bail-bonds","brandon",200,false,326,51.6,false,false,"noindex-until-reviewed","below-60-percent-unique;no-authoritative-source-record;no-review-date"
"/services/online-bail-bonds/cape-coral","online-bail-bonds","cape-coral",200,false,365,54.7,false,false,"noindex-until-reviewed","below-60-percent-unique;no-authoritative-source-record;no-review-date"
"/services/online-bail-bonds/clearwater","online-bail-bonds","clearwater",200,false,321,50.8,false,false,"noindex-until-reviewed","below-60-percent-unique;no-authoritative-source-record;no-review-date"
"/services/online-bail-bonds/cocoa","online-bail-bonds","cocoa",200,false,329,59.3,false,false,"noindex-until-reviewed","below-60-percent-unique;no-authoritative-source-record;no-review-date"
"/services/online-bail-bonds/dade-city","online-bail-bonds","dade-city",200,false,346,52.1,false,false,"noindex-until-reviewed","below-60-percent-unique;no-authoritative-source-record;no-review-date"
"/services/online-bail-bonds/fort-lauderdale","online-bail-bonds","fort-lauderdale",200,false,342,50.2,false,false,"noindex-until-reviewed","below-60-percent-unique;no-authoritative-source-record;no-review-date"
"/services/online-bail-bonds/fort-myers","online-bail-bonds","fort-myers",200,false,362,54.7,false,false,"noindex-until-reviewed","below-60-percent-unique;no-authoritative-source-record;no-review-date"
"/services/online-bail-bonds/hialeah","online-bail-bonds","hialeah",200,false,332,48.8,false,false,"noindex-until-reviewed","below-60-percent-unique;no-authoritative-source-record;no-review-date"
"/services/online-bail-bonds/hollywood","online-bail-bonds","hollywood",200,false,327,50.2,false,false,"noindex-until-reviewed","below-60-percent-unique;no-authoritative-source-record;no-review-date"
"/services/online-bail-bonds/jacksonville-beach","online-bail-bonds","jacksonville-beach",200,false,354,58.9,false,false,"noindex-until-reviewed","below-60-percent-unique;no-authoritative-source-record;no-review-date"
"/services/online-bail-bonds/lake-city","online-bail-bonds","lake-city",200,false,344,58.5,false,false,"noindex-until-reviewed","below-60-percent-unique;no-authoritative-source-record;no-review-date"
"/services/online-bail-bonds/lakeland","online-bail-bonds","lakeland",200,false,327,50.7,false,false,"noindex-until-reviewed","below-60-percent-unique;no-authoritative-source-record;no-review-date"
"/services/online-bail-bonds/miami","online-bail-bonds","miami",200,false,329,45.7,false,false,"noindex-until-reviewed","below-60-percent-unique;no-authoritative-source-record;no-review-date"
"/services/online-bail-bonds/miami-beach","online-bail-bonds","miami-beach",200,false,352,45.7,false,false,"noindex-until-reviewed","below-60-percent-unique;no-authoritative-source-record;no-review-date"
"/services/online-bail-bonds/new-port-richey","online-bail-bonds","new-port-richey",200,false,362,52.1,false,false,"noindex-until-reviewed","below-60-percent-unique;no-authoritative-source-record;no-review-date"
"/services/online-bail-bonds/ocala","online-bail-bonds","ocala",200,false,321,50.8,false,false,"noindex-until-reviewed","below-60-percent-unique;no-authoritative-source-record;no-review-date"
"/services/online-bail-bonds/orlando","online-bail-bonds","orlando",200,false,339,49.2,false,false,"noindex-until-reviewed","below-60-percent-unique;no-authoritative-source-record;no-review-date"
"/services/online-bail-bonds/plant-city","online-bail-bonds","plant-city",200,false,336,50.8,false,false,"noindex-until-reviewed","below-60-percent-unique;no-authoritative-source-record;no-review-date"
"/services/online-bail-bonds/pompano-beach","online-bail-bonds","pompano-beach",200,false,346,52.2,false,false,"noindex-until-reviewed","below-60-percent-unique;no-authoritative-source-record;no-review-date"
"/services/online-bail-bonds/st-petersburg","online-bail-bonds","st-petersburg",200,false,341,50.8,false,false,"noindex-until-reviewed","below-60-percent-unique;no-authoritative-source-record;no-review-date"
"/services/online-bail-bonds/tampa","online-bail-bonds","tampa",200,false,323,50.8,false,false,"noindex-until-reviewed","below-60-percent-unique;no-authoritative-source-record;no-review-date"
"/services/online-bail-bonds/vero-beach","online-bail-bonds","vero-beach",200,false,349,58.1,false,false,"noindex-until-reviewed","below-60-percent-unique;no-authoritative-source-record;no-review-date"
"/services/online-bail-bonds/wesley-chapel","online-bail-bonds","wesley-chapel",200,false,345,52.2,false,false,"noindex-until-reviewed","below-60-percent-unique;no-authoritative-source-record;no-review-date"
"/services/online-bail-bonds/west-palm-beach","online-bail-bonds","west-palm-beach",200,false,367,54.1,false,false,"noindex-until-reviewed","below-60-percent-unique;no-authoritative-source-record;no-review-date"
"/services/online-bail-bonds/winter-haven","online-bail-bonds","winter-haven",200,false,339,50.7,false,false,"noindex-until-reviewed","below-60-percent-unique;no-authoritative-source-record;no-review-date"
"/services/online-bail-bonds/winter-park","online-bail-bonds","winter-park",200,false,354,50.2,false,false,"noindex-until-reviewed","below-60-percent-unique;no-authoritative-source-record;no-review-date"
"/services/online-bail-bonds/yulee","online-bail-bonds","yulee",200,false,341,59.8,false,false,"noindex-until-reviewed","below-60-percent-unique;no-authoritative-source-record;no-review-date"
"/services/traffic-warrant-bail/apopka","traffic-warrant-bail","apopka",200,false,341,49.1,false,false,"noindex-until-reviewed","below-60-percent-unique;no-authoritative-source-record;no-review-date"
"/services/traffic-warrant-bail/belleview","traffic-warrant-bail","belleview",200,false,319,50.7,false,false,"noindex-until-reviewed","below-60-percent-unique;no-authoritative-source-record;no-review-date"
"/services/traffic-warrant-bail/boca-raton","traffic-warrant-bail","boca-raton",200,false,355,54,false,false,"noindex-until-reviewed","below-60-percent-unique;no-authoritative-source-record;no-review-date"
"/services/traffic-warrant-bail/bonita-springs","traffic-warrant-bail","bonita-springs",200,false,372,56.1,false,false,"noindex-until-reviewed","below-60-percent-unique;no-authoritative-source-record;no-review-date"
"/services/traffic-warrant-bail/bradenton","traffic-warrant-bail","bradenton",200,false,323,57.5,false,false,"noindex-until-reviewed","below-60-percent-unique;no-authoritative-source-record;no-review-date"
"/services/traffic-warrant-bail/brandon","traffic-warrant-bail","brandon",200,false,327,51.5,false,false,"noindex-until-reviewed","below-60-percent-unique;no-authoritative-source-record;no-review-date"
"/services/traffic-warrant-bail/cape-coral","traffic-warrant-bail","cape-coral",200,false,366,54.5,false,false,"noindex-until-reviewed","below-60-percent-unique;no-authoritative-source-record;no-review-date"
"/services/traffic-warrant-bail/clearwater","traffic-warrant-bail","clearwater",200,false,322,50.7,false,false,"noindex-until-reviewed","below-60-percent-unique;no-authoritative-source-record;no-review-date"
"/services/traffic-warrant-bail/cocoa","traffic-warrant-bail","cocoa",200,false,330,59.1,false,false,"noindex-until-reviewed","below-60-percent-unique;no-authoritative-source-record;no-review-date"
"/services/traffic-warrant-bail/dade-city","traffic-warrant-bail","dade-city",200,false,347,52,false,false,"noindex-until-reviewed","below-60-percent-unique;no-authoritative-source-record;no-review-date"
"/services/traffic-warrant-bail/fort-lauderdale","traffic-warrant-bail","fort-lauderdale",200,false,343,50.1,false,false,"noindex-until-reviewed","below-60-percent-unique;no-authoritative-source-record;no-review-date"
"/services/traffic-warrant-bail/fort-myers","traffic-warrant-bail","fort-myers",200,false,363,54.5,false,false,"noindex-until-reviewed","below-60-percent-unique;no-authoritative-source-record;no-review-date"
"/services/traffic-warrant-bail/hialeah","traffic-warrant-bail","hialeah",200,false,333,48.7,false,false,"noindex-until-reviewed","below-60-percent-unique;no-authoritative-source-record;no-review-date"
"/services/traffic-warrant-bail/hollywood","traffic-warrant-bail","hollywood",200,false,328,50.1,false,false,"noindex-until-reviewed","below-60-percent-unique;no-authoritative-source-record;no-review-date"
"/services/traffic-warrant-bail/jacksonville-beach","traffic-warrant-bail","jacksonville-beach",200,false,355,58.7,false,false,"noindex-until-reviewed","below-60-percent-unique;no-authoritative-source-record;no-review-date"
"/services/traffic-warrant-bail/lake-city","traffic-warrant-bail","lake-city",200,false,345,58.4,false,false,"noindex-until-reviewed","below-60-percent-unique;no-authoritative-source-record;no-review-date"
"/services/traffic-warrant-bail/lakeland","traffic-warrant-bail","lakeland",200,false,328,50.6,false,false,"noindex-until-reviewed","below-60-percent-unique;no-authoritative-source-record;no-review-date"
"/services/traffic-warrant-bail/miami","traffic-warrant-bail","miami",200,false,330,45.6,false,false,"noindex-until-reviewed","below-60-percent-unique;no-authoritative-source-record;no-review-date"
"/services/traffic-warrant-bail/miami-beach","traffic-warrant-bail","miami-beach",200,false,353,45.6,false,false,"noindex-until-reviewed","below-60-percent-unique;no-authoritative-source-record;no-review-date"
"/services/traffic-warrant-bail/new-port-richey","traffic-warrant-bail","new-port-richey",200,false,363,52,false,false,"noindex-until-reviewed","below-60-percent-unique;no-authoritative-source-record;no-review-date"
"/services/traffic-warrant-bail/ocala","traffic-warrant-bail","ocala",200,false,322,50.7,false,false,"noindex-until-reviewed","below-60-percent-unique;no-authoritative-source-record;no-review-date"
"/services/traffic-warrant-bail/orlando","traffic-warrant-bail","orlando",200,false,340,49.1,false,false,"noindex-until-reviewed","below-60-percent-unique;no-authoritative-source-record;no-review-date"
"/services/traffic-warrant-bail/plant-city","traffic-warrant-bail","plant-city",200,false,337,50.7,false,false,"noindex-until-reviewed","below-60-percent-unique;no-authoritative-source-record;no-review-date"
"/services/traffic-warrant-bail/pompano-beach","traffic-warrant-bail","pompano-beach",200,false,347,52.1,false,false,"noindex-until-reviewed","below-60-percent-unique;no-authoritative-source-record;no-review-date"
"/services/traffic-warrant-bail/st-petersburg","traffic-warrant-bail","st-petersburg",200,false,342,50.7,false,false,"noindex-until-reviewed","below-60-percent-unique;no-authoritative-source-record;no-review-date"
"/services/traffic-warrant-bail/tampa","traffic-warrant-bail","tampa",200,false,324,50.7,false,false,"noindex-until-reviewed","below-60-percent-unique;no-authoritative-source-record;no-review-date"
"/services/traffic-warrant-bail/vero-beach","traffic-warrant-bail","vero-beach",200,false,350,58,false,false,"noindex-until-reviewed","below-60-percent-unique;no-authoritative-source-record;no-review-date"
"/services/traffic-warrant-bail/wesley-chapel","traffic-warrant-bail","wesley-chapel",200,false,346,52.1,false,false,"noindex-until-reviewed","below-60-percent-unique;no-authoritative-source-record;no-review-date"
"/services/traffic-warrant-bail/west-palm-beach","traffic-warrant-bail","west-palm-beach",200,false,368,54,false,false,"noindex-until-reviewed","below-60-percent-unique;no-authoritative-source-record;no-review-date"
"/services/traffic-warrant-bail/winter-haven","traffic-warrant-bail","winter-haven",200,false,340,50.6,false,false,"noindex-until-reviewed","below-60-percent-unique;no-authoritative-source-record;no-review-date"
"/services/traffic-warrant-bail/winter-park","traffic-warrant-bail","winter-park",200,false,355,50.1,false,false,"noindex-until-reviewed","below-60-percent-unique;no-authoritative-source-record;no-review-date"
"/services/traffic-warrant-bail/yulee","traffic-warrant-bail","yulee",200,false,342,59.7,false,false,"noindex-until-reviewed","below-60-percent-unique;no-authoritative-source-record;no-review-date"
