"path","type","status","title","titleLength","description","descriptionLength","duplicateTitle","duplicateDescription","wordCount","bailDensity","hasReviewer","hasReviewDate","hasSources"
"/","home","200","Florida Bail Bonds & Inmate Search | Bond Florida","49","Find Florida county jail contacts, official inmate-search links, source-based bail information, and selected local agency guides in the Bond Florida directory.","159","false","false","400","2.3","true","true","true"
"/about","core","200","About the Bond Florida Directory","32","Learn how Bond Florida organizes county jail contacts, official inmate-search links, local guides, and general bail information for Florida visitors.","149","false","false","425","0.5","true","true","true"
"/contact","core","200","Contact the Bond Florida Support Team","37","Contact Bond Florida about directory corrections, general questions, or bail-service inquiries. Phone and online form options are available around the clock.","157","false","false","396","0","true","true","true"
"/county/brevard","county","200","Brevard County Bail Bonds & Jail Guide","38","Find the official inmate-search resource, primary detention contact, selected local agencies, and source-based bail information for Brevard County.","147","false","false","117","0.9","true","true","true"
"/county/brevard/cocoa","city","200","Cocoa Florida Bail Bonds & Jail Guide","37","Find official inmate-search links, local arresting-agency contact details, county jail information, and verified Florida bail resources for Cocoa.","146","false","false","111","0","true","true","true"
"/county/broward","county","200","Broward County Bail Bonds & Jail Guide","38","Find the official inmate-search resource, primary detention contact, selected local agencies, and source-based bail information for Broward County.","147","false","false","130","0.8","true","true","true"
"/county/broward/fort-lauderdale","city","200","Fort Lauderdale Florida Bail Bonds & Jail Guide","47","Find official inmate-search links, local arresting-agency contact details, county jail information, and verified Florida bail resources for Fort Lauderdale.","156","false","false","117","0","true","true","true"
"/county/broward/hollywood","city","200","Hollywood Florida Bail Bonds & Jail Guide","41","Find official inmate-search links, local arresting-agency contact details, county jail information, and verified Florida bail resources for Hollywood.","150","false","false","112","0","true","true","true"
"/county/broward/pompano-beach","city","200","Pompano Beach Florida Bail Bonds & Jail Guide","45","Find official inmate-search links, local arresting-agency contact details, county jail information, and verified Florida bail resources for Pompano Beach.","154","false","false","118","0","true","true","true"
"/county/columbia","county","200","Columbia County Bail Bonds & Jail Guide","39","Find the official inmate-search resource, primary detention contact, selected local agencies, and source-based bail information for Columbia County.","148","false","false","120","0.8","true","true","true"
"/county/columbia/lake-city","city","200","Lake City Florida Bail Bonds & Jail Guide","41","Find official inmate-search links, local arresting-agency contact details, county jail information, and verified Florida bail resources for Lake City.","150","false","false","117","0","true","true","true"
"/county/duval","county","200","Duval County Bail Bonds & Jail Guide","36","Find the official inmate-search resource, primary detention contact, selected local agencies, and source-based bail information for Duval County.","145","false","false","130","0.8","true","true","true"
"/county/duval/jacksonville-beach","city","200","Jacksonville Beach Florida Bail Bonds & Jail Guide","50","Find official inmate-search links, local arresting-agency contact details, county jail information, and verified Florida bail resources for Jacksonville Beach.","159","false","false","118","0","true","true","true"
"/county/hillsborough","county","200","Hillsborough County Bail Bonds & Jail Guide","43","Find the official inmate-search resource, primary detention contact, selected local agencies, and source-based bail information for Hillsborough County.","152","false","false","128","0.8","true","true","true"
"/county/hillsborough/brandon","city","200","Brandon Florida Bail Bonds & Jail Guide","39","Find official inmate-search links, local arresting-agency contact details, county jail information, and verified Florida bail resources for Brandon.","148","false","false","111","0","true","true","true"
"/county/hillsborough/plant-city","city","200","Plant City Florida Bail Bonds & Jail Guide","42","Find official inmate-search links, local arresting-agency contact details, county jail information, and verified Florida bail resources for Plant City.","151","false","false","114","0","true","true","true"
"/county/hillsborough/tampa","city","200","Tampa Florida Bail Bonds & Jail Guide","37","Find official inmate-search links, local arresting-agency contact details, county jail information, and verified Florida bail resources for Tampa.","146","false","false","110","0","true","true","true"
"/county/indian-river","county","200","Indian River County Bail Bonds & Jail Guide","43","Find the official inmate-search resource, primary detention contact, selected local agencies, and source-based bail information for Indian River County.","152","false","false","121","0.8","true","true","true"
"/county/indian-river/vero-beach","city","200","Vero Beach Florida Bail Bonds & Jail Guide","42","Find official inmate-search links, local arresting-agency contact details, county jail information, and verified Florida bail resources for Vero Beach.","151","false","false","117","0","true","true","true"
"/county/lee","county","200","Lee County Bail Bonds & Jail Guide","34","Find the official inmate-search resource, primary detention contact, selected local agencies, and source-based bail information for Lee County.","143","false","false","131","0.8","true","true","true"
"/county/lee/bonita-springs","city","200","Bonita Springs Florida Bail Bonds & Jail Guide","46","Find official inmate-search links, local arresting-agency contact details, county jail information, and verified Florida bail resources for Bonita Springs.","155","false","false","120","0","true","true","true"
"/county/lee/cape-coral","city","200","Cape Coral Florida Bail Bonds & Jail Guide","42","Find official inmate-search links, local arresting-agency contact details, county jail information, and verified Florida bail resources for Cape Coral.","151","false","false","117","0","true","true","true"
"/county/lee/fort-myers","city","200","Fort Myers Florida Bail Bonds & Jail Guide","42","Find official inmate-search links, local arresting-agency contact details, county jail information, and verified Florida bail resources for Fort Myers.","151","false","false","116","0","true","true","true"
"/county/manatee","county","200","Manatee County Bail Bonds & Jail Guide","38","Find the official inmate-search resource, primary detention contact, selected local agencies, and source-based bail information for Manatee County.","147","false","false","117","0.9","true","true","true"
"/county/manatee/bradenton","city","200","Bradenton Florida Bail Bonds & Jail Guide","41","Find official inmate-search links, local arresting-agency contact details, county jail information, and verified Florida bail resources for Bradenton.","150","false","false","111","0","true","true","true"
"/county/marion","county","200","Marion County Bail Bonds & Jail Guide","37","Find the official inmate-search resource, primary detention contact, selected local agencies, and source-based bail information for Marion County.","146","false","false","118","0.8","true","true","true"
"/county/marion/belleview","city","200","Belleview Florida Bail Bonds & Jail Guide","41","Find official inmate-search links, local arresting-agency contact details, county jail information, and verified Florida bail resources for Belleview.","150","false","false","111","0","true","true","true"
"/county/marion/ocala","city","200","Ocala Florida Bail Bonds & Jail Guide","37","Find official inmate-search links, local arresting-agency contact details, county jail information, and verified Florida bail resources for Ocala.","146","false","false","111","0","true","true","true"
"/county/miami-dade","county","200","Miami-Dade County Bail Bonds & Jail Guide","41","Find the official inmate-search resource, primary detention contact, selected local agencies, and source-based bail information for Miami-Dade County.","150","false","false","132","0.8","true","true","true"
"/county/miami-dade/hialeah","city","200","Hialeah Florida Bail Bonds & Jail Guide","39","Find official inmate-search links, local arresting-agency contact details, county jail information, and verified Florida bail resources for Hialeah.","148","false","false","113","0","true","true","true"
"/county/miami-dade/miami","city","200","Miami Florida Bail Bonds & Jail Guide","37","Find official inmate-search links, local arresting-agency contact details, county jail information, and verified Florida bail resources for Miami.","146","false","false","113","0","true","true","true"
"/county/miami-dade/miami-beach","city","200","Miami Beach Florida Bail Bonds & Jail Guide","43","Find official inmate-search links, local arresting-agency contact details, county jail information, and verified Florida bail resources for Miami Beach.","152","false","false","116","0","true","true","true"
"/county/nassau","county","200","Nassau County Bail Bonds & Jail Guide","37","Find the official inmate-search resource, primary detention contact, selected local agencies, and source-based bail information for Nassau County.","146","false","false","120","0.8","true","true","true"
"/county/nassau/yulee","city","200","Yulee Florida Bail Bonds & Jail Guide","37","Find official inmate-search links, local arresting-agency contact details, county jail information, and verified Florida bail resources for Yulee.","146","false","false","115","0","true","true","true"
"/county/orange","county","200","Orange County Bail Bonds & Jail Guide","37","Find the official inmate-search resource, primary detention contact, selected local agencies, and source-based bail information for Orange County.","146","false","false","132","0.8","true","true","true"
"/county/orange/apopka","city","200","Apopka Florida Bail Bonds & Jail Guide","38","Find official inmate-search links, local arresting-agency contact details, county jail information, and verified Florida bail resources for Apopka.","147","false","false","114","0","true","true","true"
"/county/orange/orlando","city","200","Orlando Florida Bail Bonds & Jail Guide","39","Find official inmate-search links, local arresting-agency contact details, county jail information, and verified Florida bail resources for Orlando.","148","false","false","114","0","true","true","true"
"/county/orange/winter-park","city","200","Winter Park Florida Bail Bonds & Jail Guide","43","Find official inmate-search links, local arresting-agency contact details, county jail information, and verified Florida bail resources for Winter Park.","152","false","false","118","0","true","true","true"
"/county/palm-beach","county","200","Palm Beach County Bail Bonds & Jail Guide","41","Find the official inmate-search resource, primary detention contact, selected local agencies, and source-based bail information for Palm Beach County.","150","false","false","134","0.7","true","true","true"
"/county/palm-beach/boca-raton","city","200","Boca Raton Florida Bail Bonds & Jail Guide","42","Find official inmate-search links, local arresting-agency contact details, county jail information, and verified Florida bail resources for Boca Raton.","151","false","false","120","0","true","true","true"
"/county/palm-beach/west-palm-beach","city","200","West Palm Beach Florida Bail Bonds & Jail Guide","47","Find official inmate-search links, local arresting-agency contact details, county jail information, and verified Florida bail resources for West Palm Beach.","156","false","false","122","0","true","true","true"
"/county/pasco","county","200","Pasco County Bail Bonds & Jail Guide","36","Find the official inmate-search resource, primary detention contact, selected local agencies, and source-based bail information for Pasco County.","145","false","false","134","0.7","true","true","true"
"/county/pasco/dade-city","city","200","Dade City Florida Bail Bonds & Jail Guide","41","Find official inmate-search links, local arresting-agency contact details, county jail information, and verified Florida bail resources for Dade City.","150","false","false","117","0","true","true","true"
"/county/pasco/new-port-richey","city","200","New Port Richey Florida Bail Bonds & Jail Guide","47","Find official inmate-search links, local arresting-agency contact details, county jail information, and verified Florida bail resources for New Port Richey.","156","false","false","121","0","true","true","true"
"/county/pasco/wesley-chapel","city","200","Wesley Chapel Florida Bail Bonds & Jail Guide","45","Find official inmate-search links, local arresting-agency contact details, county jail information, and verified Florida bail resources for Wesley Chapel.","154","false","false","118","0","true","true","true"
"/county/pinellas","county","200","Pinellas County Bail Bonds & Jail Guide","39","Find the official inmate-search resource, primary detention contact, selected local agencies, and source-based bail information for Pinellas County.","148","false","false","125","0.8","true","true","true"
"/county/pinellas/clearwater","city","200","Clearwater Florida Bail Bonds & Jail Guide","42","Find official inmate-search links, local arresting-agency contact details, county jail information, and verified Florida bail resources for Clearwater.","151","false","false","110","0","true","true","true"
"/county/pinellas/st-petersburg","city","200","St. Petersburg Florida Bail Bonds & Jail Guide","46","Find official inmate-search links, local arresting-agency contact details, county jail information, and verified Florida bail resources for St. Petersburg.","155","false","false","115","0","true","true","true"
"/county/polk","county","200","Polk County Bail Bonds & Jail Guide","35","Find the official inmate-search resource, primary detention contact, selected local agencies, and source-based bail information for Polk County.","144","false","false","122","0.8","true","true","true"
"/county/polk/lakeland","city","200","Lakeland Florida Bail Bonds & Jail Guide","40","Find official inmate-search links, local arresting-agency contact details, county jail information, and verified Florida bail resources for Lakeland.","149","false","false","114","0","true","true","true"
"/county/polk/winter-haven","city","200","Winter Haven Florida Bail Bonds & Jail Guide","44","Find official inmate-search links, local arresting-agency contact details, county jail information, and verified Florida bail resources for Winter Haven.","153","false","false","120","0","true","true","true"
"/jail/broward-county-main-jail","jail","200","Broward Main Jail Booking & Inmate Guide","40","Find the verified Broward Main Jail address, official information phone number, Broward arrest search, and current detention-facility source links.","147","false","false","261","0.4","true","true","true"
"/jail/duval-county-pre-trial-detention-facility","jail","200","Duval Pre-Trial Detention Facility Guide","40","Find the verified Duval Pre-Trial Detention Facility address, official jail information phone number, inmate search, and current JSO facility source.","149","false","false","264","0.4","true","true","true"
"/jail/falkenburg-road-jail","jail","200","Falkenburg Road Jail Booking Guide","34","Find the verified Falkenburg Road Jail address, official Hillsborough County phone number, inmate-search resource, and current facility source links.","149","false","false","255","0.4","true","true","true"
"/jail/land-o-lakes-detention-center","jail","200","Land O' Lakes Detention Center Guide","36","Find the Land O' Lakes Detention Center address, Pasco County inmate and warrant resources, official contacts, and current agency source links.","143","false","false","263","0.4","true","true","true"
"/jail/lee-county-core-facility","jail","200","Lee County Jail Core Facility Guide","35","Find the verified Lee County Jail Core Facility address, official Corrections Bureau phone number, arrest search, and current agency source links.","146","false","false","264","0.4","true","true","true"
"/jail/metro-west-detention-center","jail","200","Metro West Detention Center Booking Guide","41","Find the verified Metro West Detention Center address, official Miami-Dade phone number, inmate-search resource, and current facility information links.","152","false","false","257","0.4","true","true","true"
"/jail/orange-county-booking-and-release-center","jail","200","Orange County Booking and Release Guide","39","Find the verified Orange County Booking and Release Center address, official information phone number, inmate search, and current county source links.","150","false","false","262","0.4","true","true","true"
"/jail/orient-road-jail","jail","200","Orient Road Jail Booking & Inmate Guide","39","Find the verified Orient Road Jail address, official Hillsborough County phone number, inmate-search resource, and current detention source links.","146","false","false","254","0.4","true","true","true"
"/jail/palm-beach-county-main-detention-center","jail","200","Palm Beach Main Detention Center Guide","38","Find the verified Palm Beach Main Detention Center address, official main phone number, inmate-search resource, and current PBSO facility source.","145","false","false","271","0.4","true","true","true"
"/jail/pinellas-county-jail","jail","200","Pinellas County Jail Booking & Inmate Guide","43","Find the verified Pinellas County Jail address, official jail phone number, Who’s in Jail lookup, and current Pinellas County source information.","145","false","false","255","0.4","true","true","true"
"/jail/tgk-correctional-center","jail","200","TGK Correctional Center Booking Guide","37","Find the verified TGK Correctional Center address, official Miami-Dade phone number, inmate-search resource, and current facility information links.","148","false","false","261","0.4","true","true","true"
"/locations","core","200","Florida Bail Bonds & County Jail Directory","42","Browse selected Florida county and city guides with detention contacts, official inmate-search resources, local agencies, and general bail information.","151","false","false","295","0","true","true","true"
"/resources","core","200","Florida Bail Information & Resource Guides","42","Read source-based Florida bail information covering premiums, collateral, agent licensing, court-controlled release, warrants, and official county resources.","157","false","false","169","3","true","true","true"
"/services/24-hour-bail-bonds","service","200","After-Hours Bail Information Information Guide","46","Use an after-hours Florida arrest checklist to verify custody, locate official information, avoid payment scams, and understand factors affecting release.","154","false","false","421","0.5","true","true","true"
"/services/domestic-violence-bail","service","200","Domestic Violence Bail Florida Information Guide","48","Review Florida domestic-violence first-appearance and bail requirements, possible release conditions, safety considerations, and official legal sources.","152","false","false","453","1.1","true","true","true"
"/services/dui-bail-bonds","service","200","DUI Bail Bonds Florida Information Guide","40","Learn how Florida DUI custody and bail may work, what information to gather, which release conditions apply, and where to verify official requirements.","151","false","false","466","0.4","true","true","true"
"/services/immigration-bail-bonds","service","200","Immigration Bond Information Information Guide","46","Learn how federal immigration custody and delivery bonds differ from Florida state bail, what information to gather, and which official ICE resources to use.","157","false","false","425","0.2","true","true","true"
"/services/nebbia-hold-bail","service","200","Nebbia Hold and Bail Source Information Guide","45","Learn what a Florida bail-source or Nebbia review may require, why financial documentation matters, and where to read official consumer guidance.","145","false","false","436","0.9","true","true","true"
"/services/no-collateral-bail-bonds","service","200","Bail Bond Collateral Guide Information Guide","44","Learn how Florida bail-bond collateral and underwriting may vary, which receipts are required, and what contract obligations to review before signing.","150","false","false","420","0.7","true","true","true"
"/services/online-bail-bonds","service","200","Online Bail Bond Safety Information Guide","41","Review consumer-safety checks for online bail paperwork, provider licensing, payment requests, receipts, collateral terms, and official custody verification.","157","false","false","426","0.5","true","true","true"
"/services/traffic-warrant-bail","service","200","Traffic and Warrant Information Information Guide","49","Learn how to search Florida wanted-person information, why results require agency verification, and where to obtain case-specific warrant guidance.","147","false","false","433","0","true","true","true"
"/warrant-search","core","200","Florida Warrant Search Resources & Guide","40","Use Florida’s official wanted-person search, understand its limitations, verify results with the reporting agency, and obtain case-specific legal guidance.","155","false","false","165","0","true","true","true"
